TARGET_CLASS,criterion,Coverage,Total_Goals,Covered_Goals,Total_Branches,Predicates,LineCoverage,BranchCoverage,OutputCoverage,BranchCoverageBitString,Size,Length,MutationScore
org.jhotdraw.draw.figure.TriangleFigure,LINE;BRANCH;EXCEPTION;WEAKMUTATION;OUTPUT;METHOD;METHODNOEXCEPTION;CBRANCH,0.8590622583216799,589,477,42,21,0.8828125,0.7592592592592593,0.6842105263157895,111111111111101011111111111111111101010101011001000101,41,139,0.2601626016260163
org.jhotdraw.draw.figure.TriangleFigure,LINE;BRANCH;EXCEPTION;WEAKMUTATION;OUTPUT;METHOD;METHODNOEXCEPTION;CBRANCH,0.8930713143310358,545,468,36,18,0.9385964912280702,0.8301886792452831,0.6842105263157895,11111111111111111111111111111111111010101011001000111,36,124,0.3348623853211009
